Domain,Status,Attractiveness,Demand,Length,Sectors,Created,Expires,Registrar
one.army,available,132,44%,3,"Business,General,Media,Technology",,,
brief.army,available,124,19%,5,"Business,Education,General,Law",,,
complete.army,available,120,21%,8,"Manufacturing,Retail,Technology",,,
second.army,available,120,23%,6,"General,Mathematics",,,
wizard.army,available,118,42%,6,"Entertainment,Media,Technology",,,
flat.army,available,116,24%,4,"Construction,Real Estate",,,
equal.army,available,116,19%,5,"Education,General,Law",,,
tenth.army,available,116,7%,5,Mathematics,,,
tonic.army,available,114,22%,5,"Health and Fitness,Medicine,Science",,,
hotshot.army,available,112,14%,7,"Business,Entertainment,Sports",,,
zero.army,available,112,49%,4,Mathematics,,,
above.army,available,112,22%,5,Business,,,
acute.army,available,112,9%,5,"Mathematics,Medicine,Science",,,
abstract.army,available,108,29%,8,"Arts,Humanities,Science",,,
abiding.army,available,106,5%,7,"General,Religion",,,
active.army,available,104,27%,6,"Health and Fitness,Sports,Travel",,,
teen.army,available,104,14%,4,"Education,Entertainment,Healthcare",,,
extra.army,available,102,26%,5,"Fashion,Retail,Technology",,,
captive.army,available,102,14%,7,"Entertainment,Hospitality,Technology",,,
eight.army,available,102,23%,5,"General,Mathematics",,,
absent.army,available,102,8%,6,"Business,Education,Technology",,,
ninth.army,available,100,9%,5,Mathematics,,,
adjunct.army,available,100,5%,7,Education,,,
sixth.army,available,100,8%,5,Mathematics,,,
crack.army,available,100,20%,5,Sports,,,
third.army,available,100,16%,5,Mathematics,,,
whiz.army,available,100,12%,4,"Business,Education,Technology",,,
abrupt.army,available,100,3%,6,"Medicine,Science",,,
remove.army,available,100,13%,6,"Construction,Manufacturing,Technology",,,
eighth.army,available,100,6%,6,Mathematics,,,
whizz.army,available,98,11%,5,"Business,Education,Technology",,,
alamode.army,available,96,12%,9,Fashion,,,
doable.army,available,96,9%,6,"Business,Education,Technology",,,
forgiving.army,available,96,3%,9,"Healthcare,Religion",,,
actual.army,available,96,22%,6,"Real Estate,Retail,Technology",,,
about.army,available,94,28%,5,"Business,General,Media,Technology",,,
virtuoso.army,available,94,16%,8,"Arts,Entertainment",,,
around.army,available,94,22%,6,"Business,General,Media,Technology",,,
adequate.army,available,94,9%,8,"Education,Healthcare,Technology",,,
next.army,available,92,43%,4,"Retail,Technology,Transportation",,,
neutral.army,available,92,20%,7,"Business,Media,Politics",,,
abroad.army,available,92,12%,6,"Hospitality,Travel",,,
adjective.army,available,92,5%,9,Education,,,
exemplary.army,available,92,5%,9,"Business,Education,Healthcare",,,
twentieth.army,available,92,3%,9,Mathematics,,,
adept.army,available,92,24%,5,"Education,Health and Fitness,Sports",,,
nought.army,available,92,4%,6,Mathematics,,,
additional.army,available,90,8%,10,"Fashion,Retail,Technology",,,
gripping.army,available,90,3%,8,"Entertainment,Media,Technology",,,
clear.army,available,90,47%,5,"Manufacturing,Retail,Technology",,,
riveting.army,available,90,6%,8,"Entertainment,Media,Technology",,,
adoring.army,available,90,2%,7,"Entertainment,Fashion,Retail",,,
endearing.army,available,90,1%,9,"Entertainment,Fashion,Retail",,,
leash.army,available,90,7%,5,"General,Health and Fitness,Retail",,,
addictive.army,available,90,9%,9,Healthcare,,,
three.army,available,88,24%,5,Mathematics,,,
actionable.army,available,88,13%,10,"Business,Law",,,
adlib.army,available,88,7%,6,Entertainment,,,
eleven.army,available,88,33%,6,Mathematics,,,
twelve.army,available,88,18%,6,"General,Mathematics",,,
hundred.army,available,88,14%,7,Mathematics,,,
sixteen.army,available,88,11%,7,Mathematics,,,
ten.army,available,88,28%,3,"General,Mathematics",,,
ace.army,available,88,34%,3,Sports,,,
fifteen.army,available,88,13%,7,Mathematics,,,
wide.army,available,88,18%,4,"Business,Media,Technology",,,
activist.army,available,88,12%,8,"Humanities,Politics",,,
proficient.army,available,88,8%,10,"Education,Health and Fitness,Sports",,,
engrossing.army,available,86,0%,10,"Entertainment,Media,Technology",,,
aboriginal.army,available,86,10%,10,Humanities,,,
xix.army,available,86,11%,3,Mathematics,,,
recondite.army,available,86,4%,9,"Arts,Humanities,Science",,,
adolescent.army,available,86,3%,10,"Education,Entertainment,Healthcare",,,
intent.army,available,86,25%,6,"Business,Education,Technology",,,
xiv.army,available,86,12%,3,Mathematics,,,
attendant.army,available,86,5%,9,"Healthcare,Hospitality,Transportation",,,
extempore.army,available,86,3%,9,Entertainment,,,
grand.army,available,84,25%,5,"Finance,General",,,
acting.army,available,84,12%,6,Entertainment,,,
seventeen.army,available,84,7%,9,Mathematics,,,
sharp.army,available,84,34%,5,"Arts,Fashion",,,
adjustable.army,available,84,3%,10,"Manufacturing,Retail,Technology",,,
accessory.army,available,84,8%,9,"Fashion,Retail,Technology",,,
deviate.army,available,84,12%,7,"Medicine,Science",,,
twentytwo.army,available,84,11%,10,Mathematics,,,
thousand.army,available,84,8%,8,Mathematics,,,
nineteen.army,available,84,8%,8,Mathematics,,,
fourteen.army,available,84,8%,8,Mathematics,,,
thirteen.army,available,84,10%,8,Mathematics,,,
twentyone.army,available,84,13%,10,Mathematics,,,
abroach.army,available,82,1%,7,Food and Beverage,,,
enduring.army,available,82,9%,8,"Health and Fitness,Religion",,,
absorbent.army,available,82,3%,9,"Healthcare,Manufacturing,Retail",,,
abenaki.army,available,82,2%,7,Geography,,,
abdominal.army,available,82,1%,9,"Health and Fitness,Medicine",,,
good.army,available,82,47%,4,"Food and Beverage,General,Health and Fitness,Retail",,,
altered.army,available,82,9%,7,"Medicine,Science",,,
decade.army,available,82,10%,6,Mathematics,,,
abkhaz.army,available,82,1%,6,Geography,,,
fivesome.army,available,82,1%,8,Sports,,,
cleansing.army,available,82,3%,9,Health and Fitness,,,
dozen.army,available,82,10%,5,Mathematics,,,
impromptu.army,available,82,16%,9,Entertainment,,,
trio.army,available,80,21%,4,Entertainment,,,
first.army,available,80,36%,5,"General,Mathematics",,,
worshipful.army,available,80,1%,10,"Education,Healthcare,Religion",,,
abundant.army,available,80,19%,8,"Agriculture,Manufacturing,Retail",,,
absolute.army,available,80,25%,8,"Engineering,Mathematics,Science",,,
twenty.army,available,80,12%,6,Mathematics,,,
yard.army,available,80,26%,4,"Construction,General",,,
nine.army,available,80,24%,4,"General,Mathematics",,,
superstar.army,available,80,18%,9,Entertainment,,,
dorsal.army,available,80,6%,6,"Medicine,Science",,,
seventh.army,available,80,10%,7,Mathematics,,,
able.army,available,80,29%,4,"Business,Education,General,Technology",,,
some.army,available,80,32%,4,"Business,Media,Retail",,,
adoptable.army,available,80,3%,9,"Education,Healthcare",,,
absorbable.army,available,80,0%,10,"Healthcare,Pharmaceuticals,Science",,,
wiz.army,available,80,30%,3,"Business,Education,Technology",,,
capable.army,available,80,12%,7,"Business,Education,Technology",,,
sequent.army,available,80,7%,7,"Healthcare,Insurance,Transportation",,,
forty.army,available,80,9%,5,Mathematics,,,
accepted.army,available,78,6%,8,"Business,Education,Technology",,,
athletic.army,available,78,15%,8,"Health and Fitness,Sports",,,
absorptive.army,available,78,1%,10,"Healthcare,Manufacturing,Retail",,,
accurate.army,available,78,16%,8,"Engineering,Mathematics,Science",,,
low.army,available,78,20%,3,"Business,Finance",,,
adorable.army,available,78,8%,8,"Entertainment,Fashion,Retail",,,
adjacent.army,available,78,9%,8,"Construction,Real Estate,Retail",,,
adrenal.army,available,78,4%,7,"Education,Healthcare,Science",,,
recognized.army,available,78,3%,10,"Business,Education,Technology",,,
twentysix.army,available,78,8%,10,Mathematics,,,
accessible.army,available,78,21%,10,"Healthcare,Retail,Technology",,,
abkhasian.army,available,78,1%,9,Geography,,,
acceptable.army,available,78,5%,10,"Business,Hospitality,Retail",,,
recognised.army,available,78,3%,10,"Business,Education,Technology",,,
abounding.army,available,78,2%,9,Agriculture,,,
sixtynine.army,available,78,8%,10,Mathematics,,,
acceptant.army,available,78,1%,9,"Education,Healthcare",,,
abkhazian.army,available,78,1%,9,Geography,,,
dormant.army,available,78,4%,7,"Medicine,Science",,,
accidental.army,available,78,11%,10,"Healthcare,Insurance,Transportation",,,
honestly.army,available,78,9%,8,"Business,Law",,,
acoustic.army,available,76,14%,8,Science,,,
fifteenth.army,available,76,2%,9,Mathematics,,,
energizing.army,available,76,3%,10,"Food and Beverage,Health and Fitness,Travel",,,
eighteen.army,available,76,7%,8,Mathematics,,,
nineteenth.army,available,76,3%,10,Mathematics,,,
adaptive.army,available,76,28%,8,"Business,Education,Technology",,,
adhesive.army,available,76,7%,8,"Construction,Manufacturing,Technology",,,
adherent.army,available,76,4%,8,"Politics,Religion",,,
thousandth.army,available,76,1%,10,Mathematics,,,
hundredth.army,available,76,1%,9,Mathematics,,,
thirteenth.army,available,76,4%,10,Mathematics,,,
ague.army,available,76,2%,4,"Geography,Medicine,Science",,,
adaptable.army,available,76,9%,9,"Business,Education,Technology",,,
threed.army,available,76,7%,7,Technology,,,
ancillary.army,available,76,6%,9,"Healthcare,Manufacturing,Technology",,,
ventral.army,available,76,3%,7,Science,,,
addable.army,available,76,2%,7,"Engineering,Mathematics,Science",,,
adipose.army,available,76,2%,7,"Healthcare,Science",,,
fourteenth.army,available,76,1%,10,Mathematics,,,
incidental.army,available,76,4%,10,"Healthcare,Insurance,Transportation",,,
resultant.army,available,76,2%,9,"Healthcare,Insurance,Transportation",,,
firstrate.army,available,76,6%,10,Business,,,
abrasive.army,available,76,6%,8,"Construction,Manufacturing",,,
improvise.army,available,76,4%,9,Entertainment,,,
auxiliary.army,available,76,7%,9,"Healthcare,Manufacturing,Technology",,,
adamant.army,available,74,14%,7,Religion,,,
achievable.army,available,74,4%,10,"Business,Education,Technology",,,
sensation.army,available,74,7%,9,"Entertainment,Media,Sports",,,
mavin.army,available,74,7%,5,"Entertainment,Fashion,Technology",,,
supra.army,available,74,25%,5,"Medicine,Science",,,
acuate.army,available,74,2%,6,"Engineering,Medicine,Science",,,
broad.army,available,74,13%,5,"Entertainment,General,Media",,,
activated.army,available,74,9%,9,"Healthcare,Manufacturing,Technology",,,
adrenergic.army,available,74,1%,10,"Education,Healthcare,Science",,,
admirable.army,available,74,5%,9,"Business,Education,Healthcare",,,
playing.army,available,74,12%,7,Entertainment,,,
accepting.army,available,74,3%,9,"Education,Healthcare",,,
adapted.army,available,74,6%,7,"Healthcare,Manufacturing,Technology",,,
skilful.army,available,74,3%,7,"Education,Health and Fitness,Sports",,,
realizable.army,available,74,1%,10,"Business,Education,Technology",,,
aberrant.army,available,74,6%,8,"Medicine,Science",,,
adenoid.army,available,74,1%,7,"Health and Fitness,Medicine,Science",,,
manageable.army,available,74,4%,10,"Business,Education,Technology",,,
trey.army,available,72,14%,4,Sports,,,
lovely.army,available,72,26%,6,"Entertainment,Fashion,Retail",,,
adaptative.army,available,72,1%,10,"Business,Education,Technology",,,
engrossed.army,available,72,1%,9,"Entertainment,Media,Technology",,,
addicted.army,available,72,9%,8,Healthcare,,,
abreast.army,available,72,2%,7,"Business,Technology",,,
adjectival.army,available,72,1%,10,Education,,,
seventieth.army,available,72,1%,10,Mathematics,,,
accustomed.army,available,72,1%,10,"Business,Education,Humanities",,,
absorbed.army,available,72,2%,8,"Entertainment,Media,Technology",,,
eightieth.army,available,72,1%,9,Mathematics,,,
accusative.army,available,72,0%,10,"Humanities,Law",,,
sixtieth.army,available,72,1%,8,Mathematics,,,
improvize.army,available,72,1%,9,Entertainment,,,
champion.army,available,72,28%,8,"Entertainment,Health and Fitness,Sports",,,
absolutist.army,available,72,1%,10,"Humanities,Law,Politics",,,
abloom.army,available,72,5%,6,Agriculture,,,
ablaze.army,available,72,6%,6,Entertainment,,,
adonic.army,available,72,2%,6,"Arts,Education,Entertainment",,,
ternary.army,available,72,7%,7,Mathematics,,,
liv.army,available,72,27%,3,Mathematics,,,
adiabatic.army,available,72,3%,9,"Engineering,Science",,,
existent.army,available,72,3%,8,"Mathematics,Science",,,
adjunctive.army,available,72,1%,10,"Healthcare,Manufacturing,Technology",,,
trinity.army,available,72,18%,7,Religion,,,
ninetieth.army,available,72,1%,9,Mathematics,,,
offhand.army,available,70,2%,7,Entertainment,,,
adjusted.army,available,70,5%,8,"Manufacturing,Retail,Technology",,,
absorbing.army,available,70,3%,9,"Entertainment,Media,Technology",,,
abradant.army,available,70,1%,8,"Construction,Manufacturing",,,
recumbent.army,available,70,2%,9,"Healthcare,Medicine,Science",,,
tiptop.army,available,70,24%,6,Fashion,,,
admired.army,available,70,5%,7,"Business,Education,Healthcare",,,
gymnastic.army,available,70,3%,9,"Entertainment,Sports",,,
acuminate.army,available,70,1%,9,"Engineering,Medicine,Science",,,
adored.army,available,70,6%,6,"Entertainment,Fashion,Retail",,,
accumbent.army,available,70,1%,9,"Healthcare,Medicine,Science",,,
abulic.army,available,70,1%,6,Medicine,,,
practiced.army,available,70,3%,9,"Education,Health and Fitness,Sports",,,
adamantine.army,available,70,4%,10,Religion,,,
skillful.army,available,70,9%,8,"Education,Health and Fitness,Sports",,,
fiftieth.army,available,68,0%,8,Mathematics,,,
abducent.army,available,68,0%,8,Medicine,,,
activating.army,available,68,3%,10,"Healthcare,Manufacturing,Technology",,,
ennead.army,available,68,5%,6,Mathematics,,,
thirtieth.army,available,68,1%,9,Mathematics,,,
licenced.army,available,68,2%,8,"Business,Healthcare,Insurance",,,
licensed.army,available,68,5%,8,"Business,Healthcare,Insurance",,,
ablative.army,available,68,3%,8,Science,,,
foursome.army,available,68,4%,8,Sports,,,
abnaki.army,available,68,1%,6,Geography,,,
vindicated.army,available,68,2%,10,"Humanities,Law,Politics",,,
disciple.army,available,68,14%,8,"Education,Religion",,,
decorated.army,available,68,3%,9,"Entertainment,Fashion,Retail",,,
sevener.army,available,68,1%,7,Mathematics,,,
ane.army,available,68,12%,3,Mathematics,,,
abkhas.army,available,68,0%,6,Geography,,,
octonary.army,available,68,1%,8,Mathematics,,,
aculeate.army,available,68,1%,8,"Engineering,Medicine,Science",,,
overseas.army,available,68,12%,8,"Hospitality,Travel",,,
aberdonian.army,available,68,1%,10,Geography,,,
accredited.army,available,68,9%,10,"Business,Education,Healthcare",,,
septenary.army,available,68,1%,9,Mathematics,,,
aroused.army,available,68,3%,7,"Entertainment,Health and Fitness",,,
threesome.army,available,68,5%,9,Entertainment,,,
fortieth.army,available,68,0%,8,Mathematics,,,
acrobatic.army,available,66,4%,9,"Entertainment,Sports",,,
clv.army,available,66,10%,3,Mathematics,,,
onec.army,available,66,6%,5,Mathematics,,,
according.army,available,66,3%,9,"Business,Education,Technology",,,
xxi.army,available,66,10%,3,Mathematics,,,
tenner.army,available,66,5%,6,Finance,,,
xvii.army,available,66,5%,4,Mathematics,,,
exonerated.army,available,66,2%,10,"Humanities,Law,Politics",,,
performing.army,available,66,6%,10,Entertainment,,,
ninety.army,available,66,11%,6,Mathematics,,,
acappella.army,available,66,6%,10,Entertainment,,,
adopted.army,available,66,4%,7,"Education,Healthcare",,,
fifty.army,available,66,12%,5,Mathematics,,,
xvi.army,available,66,5%,3,Mathematics,,,
five.army,available,66,26%,4,Mathematics,,,
xviii.army,available,66,5%,5,Mathematics,,,
six.army,available,66,26%,3,Mathematics,,,
thirty.army,available,66,8%,6,Mathematics,,,
xxv.army,available,66,6%,3,Mathematics,,,
teenager.army,available,66,4%,8,"Education,Entertainment,Healthcare",,,
abstinent.army,available,66,1%,9,"Health and Fitness,Religion",,,
xxii.army,available,66,6%,4,Mathematics,,,
buzzing.army,available,66,7%,7,"Entertainment,Media,Technology",,,
deuce.army,available,66,9%,5,Sports,,,
sextet.army,available,66,1%,6,Entertainment,,,
century.army,available,66,17%,7,Education,,,
xxvi.army,available,66,3%,4,Mathematics,,,
modish.army,available,66,5%,6,Fashion,,,
adorned.army,available,66,5%,7,"Entertainment,Fashion,Retail",,,
latest.army,available,66,18%,6,Technology,,,
xii.army,available,66,10%,3,Mathematics,,,
eighty.army,available,66,6%,6,Mathematics,,,
accessary.army,available,66,1%,9,"Business,Law,Technology",,,
xiii.army,available,66,9%,4,Mathematics,,,
maven.army,available,66,30%,5,"Entertainment,Fashion,Technology",,,
nondrinker.army,available,64,1%,10,"Health and Fitness,Religion",,,
rising.army,available,64,18%,6,"Construction,Manufacturing,Real Estate",,,
adagio.army,available,64,14%,6,Entertainment,,,
deviant.army,available,64,12%,7,"Medicine,Science",,,
absolved.army,available,64,1%,8,"Humanities,Law,Religion",,,
aflame.army,available,64,3%,6,Entertainment,,,
accordant.army,available,64,3%,9,"Arts,Entertainment",,,
accrued.army,available,62,2%,7,"Banking,Finance,Insurance",,,
eleventh.army,available,62,5%,8,Mathematics,,,
exculpated.army,available,62,1%,10,"Humanities,Law,Politics",,,
playacting.army,available,62,1%,10,Entertainment,,,
cumulative.army,available,62,2%,10,"Banking,Finance,Insurance",,,
admissible.army,available,62,1%,10,"Education,Healthcare,Law",,,
adjuvant.army,available,62,5%,8,"Healthcare,Manufacturing,Technology",,,
fortyfour.army,available,62,6%,10,Mathematics,,,
sixteenth.army,available,62,1%,9,Mathematics,,,
quartet.army,available,62,7%,7,"Arts,Entertainment",,,
orso.army,available,62,9%,5,"Business,Media,Technology",,,
pungent.army,available,62,1%,7,Food and Beverage,,,
nail.army,available,62,16%,4,"Construction,Fashion,General,Retail",,,
activation.army,available,62,16%,10,"Healthcare,Manufacturing,Technology",,,
acidic.army,available,62,5%,6,"Food and Beverage,Science",,,
abo.army,available,62,15%,3,Science,,,
longdozen.army,available,62,2%,10,Mathematics,,,
aborigine.army,available,62,1%,9,Humanities,,,
roughly.army,available,62,3%,7,"Business,Media,Technology",,,
troika.army,available,62,8%,6,Politics,,,
activistic.army,available,62,1%,10,"Humanities,Politics",,,
aufait.army,available,62,3%,7,"Fashion,Media",,,
eighteenth.army,available,62,1%,10,Mathematics,,,
chiliad.army,available,62,2%,7,Mathematics,,,
adoptive.army,available,62,1%,8,"Education,Healthcare",,,
ensuant.army,available,62,1%,7,"Healthcare,Insurance,Transportation",,,
twodozen.army,available,62,1%,9,Mathematics,,,
cautionary.army,available,60,1%,10,"Business,Education,Healthcare",,,
xcl.army,available,60,5%,3,Mathematics,,,
cxxxv.army,available,60,2%,5,Mathematics,,,
idolised.army,available,60,1%,8,"Entertainment,Fashion,Retail",,,
cxl.army,available,60,7%,3,Mathematics,,,
abstainer.army,available,60,0%,9,"Health and Fitness,Religion",,,
tertiary.army,available,60,4%,8,Education,,,
clxx.army,available,60,3%,4,Mathematics,,,
acceptive.army,available,60,1%,9,"Education,Healthcare",,,
cxv.army,available,60,4%,3,Mathematics,,,
idolized.army,available,60,3%,8,"Entertainment,Fashion,Retail",,,
cxxx.army,available,60,4%,4,Mathematics,,,
clxxv.army,available,60,1%,5,Mathematics,,,
annexal.army,available,60,1%,7,"Agriculture,Manufacturing,Retail",,,
eightysix.army,available,60,7%,10,Mathematics,,,
adnexal.army,available,60,1%,7,"Agriculture,Manufacturing,Retail",,,
abashed.army,available,60,1%,7,Humanities,,,
clxv.army,available,60,1%,4,Mathematics,,,
thou.army,available,60,7%,4,Mathematics,,,
cxxv.army,available,60,1%,4,Mathematics,,,
cxx.army,available,60,10%,3,Mathematics,,,
adnate.army,available,60,1%,6,"Agriculture,Manufacturing,Retail",,,
aboveboard.army,available,60,5%,10,"Business,Law",,,
clx.army,available,60,10%,3,Mathematics,,,
abstemious.army,available,60,0%,10,"Food and Beverage,Health and Fitness,Hospitality",,,
paunchy.army,available,60,0%,7,"Health and Fitness,Medicine",,,
cxlv.army,available,60,2%,4,Mathematics,,,
clxxx.army,available,60,1%,5,Mathematics,,,
sixty.army,available,60,13%,5,Mathematics,,,
abuzz.army,available,58,5%,5,"Entertainment,Media,Technology",,,
adjustive.army,available,58,1%,9,"Manufacturing,Retail,Technology",,,
super.army,resell,58,47%,5,Business,07/06/2019 08:02,07/06/2026 08:02,"Spaceship, Inc."
enwrapped.army,available,58,0%,9,"Entertainment,Fashion,Media",,,
accretive.army,available,58,6%,9,"Banking,Finance,Insurance",,,
acetic.army,available,58,1%,6,"Food and Beverage,Science",,,
acyclic.army,available,58,4%,7,"Engineering,Mathematics,Science",,,
offhanded.army,available,58,1%,9,Entertainment,,,
sixer.army,available,58,5%,5,Sports,,,
linear.army,available,58,22%,6,"Engineering,Mathematics,Science",,,
aucourant.army,available,58,3%,10,"Fashion,Media",,,
adhoc.army,available,58,24%,6,"Business,Engineering,Technology",,,
twelfth.army,available,58,2%,7,Mathematics,,,
closeto.army,available,58,3%,8,"Business,Media,Technology",,,
cypher.army,available,58,29%,6,Mathematics,,,
adient.army,available,58,4%,6,"Medicine,Science",,,
accented.army,available,58,3%,8,"Arts,Entertainment",,,
seventy.army,available,58,7%,7,Mathematics,,,
octad.army,available,58,5%,5,Mathematics,,,
centesimal.army,available,58,1%,10,Mathematics,,,
sextuplet.army,available,58,1%,9,Healthcare,,,
addible.army,available,58,2%,7,"Engineering,Mathematics,Science",,,
niner.army,available,58,5%,5,Mathematics,,,
abridged.army,available,58,4%,8,Media,,,
fourth.army,available,58,13%,6,Mathematics,,,
pentad.army,available,58,2%,6,Mathematics,,,
eighter.army,available,58,2%,7,Mathematics,,,
fifth.army,available,58,12%,5,Mathematics,,,
justabout.army,available,58,3%,10,"Business,Media,Technology",,,
addressed.army,available,58,3%,9,"Business,Technology,Telecommunications",,,
accoutred.army,available,58,1%,9,"Fashion,Manufacturing,Retail",,,
actuarial.army,available,58,8%,9,"Finance,Insurance,Mathematics",,,
alacarte.army,available,58,11%,10,Food and Beverage,,,
fourscore.army,available,58,4%,9,Mathematics,,,
tetrad.army,available,58,5%,6,Mathematics,,,
lxxx.army,available,58,2%,4,Mathematics,,,
sixtyone.army,available,58,3%,9,Mathematics,,,
heptad.army,available,58,1%,6,Mathematics,,,
fortytwo.army,available,56,17%,9,Mathematics,,,
liii.army,available,56,4%,4,Mathematics,,,
lvi.army,available,56,8%,3,Mathematics,,,
xxxv.army,available,56,4%,4,Mathematics,,,
fortysix.army,available,56,3%,9,Mathematics,,,
lii.army,available,56,7%,3,Mathematics,,,
xxiv.army,available,56,5%,4,Mathematics,,,
xliii.army,available,56,1%,5,Mathematics,,,
xlvi.army,available,56,3%,4,Mathematics,,,
abdominous.army,available,56,0%,10,"Health and Fitness,Medicine",,,
addled.army,available,56,2%,6,Entertainment,,,
thirtyone.army,available,56,5%,10,Mathematics,,,
thirtysix.army,available,56,5%,10,Mathematics,,,
xlviii.army,available,56,1%,6,Mathematics,,,
lviii.army,available,56,1%,5,Mathematics,,,
fortynine.army,available,56,3%,10,Mathematics,,,
xxviii.army,available,56,1%,6,Mathematics,,,
halfdozen.army,available,56,1%,10,Mathematics,,,
accoutered.army,available,56,0%,10,"Fashion,Manufacturing,Retail",,,
xxxvii.army,available,56,2%,6,Mathematics,,,
appressed.army,available,56,0%,9,"Agriculture,Manufacturing,Retail",,,
admittible.army,available,56,1%,10,"Education,Healthcare,Hospitality",,,
xlvii.army,available,56,2%,5,Mathematics,,,
thirtytwo.army,available,56,5%,10,Mathematics,,,
fiftyfour.army,available,56,3%,10,Mathematics,,,
fiftytwo.army,available,56,6%,9,Mathematics,,,
xxxvi.army,available,56,1%,5,Mathematics,,,
maledict.army,available,56,1%,8,Religion,,,
fiftynine.army,available,56,4%,10,Mathematics,,,
xli.army,available,56,5%,3,Mathematics,,,
xxxii.army,available,56,1%,5,Mathematics,,,
aone.army,available,56,15%,5,Food and Beverage,,,
xxxi.army,available,56,9%,4,Mathematics,,,
xlv.army,available,56,6%,3,Mathematics,,,
xxix.army,available,56,4%,4,Mathematics,,,
xxiii.army,available,56,5%,5,Mathematics,,,
fiftyfive.army,available,56,7%,10,Mathematics,,,
ilx.army,available,56,5%,3,Mathematics,,,
xxxviii.army,available,56,1%,7,Mathematics,,,
fiftysix.army,available,56,4%,9,Mathematics,,,
abeyant.army,available,56,1%,7,"Business,Law",,,
xliv.army,available,56,2%,4,Mathematics,,,
fiftyone.army,available,56,7%,9,Mathematics,,,
xxvii.army,available,56,3%,5,Mathematics,,,
admissive.army,available,56,1%,9,"Education,Healthcare,Hospitality",,,
xxxiii.army,available,56,2%,6,Mathematics,,,
potbellied.army,available,56,0%,10,"Health and Fitness,Medicine",,,
admittable.army,available,56,1%,10,"Education,Healthcare,Hospitality",,,
fortyone.army,available,56,4%,9,Mathematics,,,
lvii.army,available,56,1%,4,Mathematics,,,
xlii.army,available,56,5%,4,Mathematics,,,
xxxiv.army,available,56,1%,5,Mathematics,,,
acoustical.army,available,54,4%,10,Science,,,
topnotch.army,available,54,18%,8,Business,,,
admonitory.army,available,54,0%,10,"Business,Education,Healthcare",,,
adpressed.army,available,54,0%,9,"Agriculture,Manufacturing,Retail",,,
quaternion.army,available,54,6%,10,Mathematics,,,
vii.army,available,54,13%,3,Mathematics,,,
quaternity.army,available,54,4%,10,Mathematics,,,
actuated.army,available,54,2%,8,"Automotive,Manufacturing,Technology",,,
adjuratory.army,available,54,0%,10,"Law,Politics,Religion",,,
viii.army,available,54,6%,4,Mathematics,,,
deuceace.army,available,54,2%,9,Sports,,,
abatable.army,available,54,1%,8,Law,,,
accentual.army,available,54,3%,9,"Arts,Entertainment",,,
quatern.army,available,54,2%,7,Mathematics,,,
aboral.army,available,54,2%,6,Science,,,
adducting.army,available,54,1%,9,"Engineering,Mathematics,Science",,,
achromatic.army,available,54,4%,10,Science,,,
scratchy.army,available,54,3%,8,Fashion,,,
adductive.army,available,54,0%,9,"Engineering,Mathematics,Science",,,
abient.army,available,54,1%,6,Science,,,
abducens.army,available,54,1%,8,Medicine,,,
abasic.army,available,54,1%,6,Science,,,
adducent.army,available,54,1%,8,"Engineering,Mathematics,Science",,,
monitory.army,available,54,3%,8,"Business,Education,Healthcare",,,
threescore.army,available,54,1%,10,Mathematics,,,
fortyfive.army,available,54,4%,10,Mathematics,,,
abatic.army,available,54,1%,6,Science,,,
twoscore.army,available,54,2%,8,Mathematics,,,
adaxial.army,available,54,2%,7,Science,,,
abaxial.army,available,54,1%,7,Science,,,
ninetytwo.army,available,52,4%,10,Mathematics,,,
lxxiv.army,available,52,1%,5,Mathematics,,,
abstruse.army,available,52,5%,8,"Humanities,Mathematics,Science",,,
lxii.army,available,52,1%,4,Mathematics,,,
ninetyone.army,available,52,5%,10,Mathematics,,,
lxiii.army,available,52,2%,5,Mathematics,,,
lxxvii.army,available,52,2%,6,Mathematics,,,
eightyone.army,available,52,3%,10,Mathematics,,,
ninetysix.army,available,52,4%,10,Mathematics,,,
lxviii.army,available,52,1%,6,Mathematics,,,
lxxxvi.army,available,52,1%,6,Mathematics,,,
sixtyfour.army,available,52,3%,10,Mathematics,,,
lxxii.army,available,52,1%,5,Mathematics,,,
xciv.army,available,52,2%,4,Mathematics,,,
lxxv.army,available,52,1%,4,Mathematics,,,
sixtytwo.army,available,52,3%,9,Mathematics,,,
lxxxi.army,available,52,1%,5,Mathematics,,,
sixtysix.army,available,52,4%,9,Mathematics,,,
ixc.army,available,52,5%,3,Mathematics,,,
eightytwo.army,available,52,4%,10,Mathematics,,,
lxvii.army,available,52,1%,5,Mathematics,,,
ablated.army,available,52,1%,7,Science,,,
xciii.army,available,52,1%,5,Mathematics,,,
chagrined.army,available,52,1%,9,Humanities,,,
lxxi.army,available,52,1%,4,Mathematics,,,
lxxxvii.army,available,52,1%,7,Mathematics,,,
ixl.army,available,52,9%,3,Mathematics,,,
lxxxiii.army,available,52,1%,7,Mathematics,,,
lxv.army,available,52,5%,3,Mathematics,,,
xci.army,available,52,4%,3,Mathematics,,,
lxi.army,available,52,5%,3,Mathematics,,,
lxxvi.army,available,52,1%,5,Mathematics,,,
xcv.army,available,52,7%,3,Mathematics,,,
sixtyfive.army,available,52,3%,10,Mathematics,,,
aboulic.army,available,52,1%,7,Medicine,,,
adenoidal.army,available,52,1%,9,"Health and Fitness,Medicine,Science",,,
lxvi.army,available,52,3%,4,Mathematics,,,
uphill.army,available,52,7%,6,"Sports,Transportation,Travel",,,
lxiv.army,available,52,3%,4,Mathematics,,,
decumbent.army,available,52,1%,9,"Healthcare,Medicine,Science",,,
xcii.army,available,52,2%,4,Mathematics,,,
lxxxiv.army,available,52,1%,6,Mathematics,,,
xcvii.army,available,52,1%,5,Mathematics,,,
lxxxv.army,available,52,1%,5,Mathematics,,,
xcviii.army,available,52,1%,6,Mathematics,,,
xcvi.army,available,52,2%,4,Mathematics,,,
lxxxii.army,available,52,1%,6,Mathematics,,,
lxxiii.army,available,52,1%,6,Mathematics,,,
aculeated.army,available,50,0%,9,"Engineering,Medicine,Science",,,
triplet.army,available,50,8%,7,Science,,,
abducting.army,available,50,0%,9,Medicine,,,
broached.army,available,50,0%,8,Food and Beverage,,,
gillless.army,available,50,0%,9,Science,,,
ogdoad.army,available,50,1%,6,Mathematics,,,
needlelike.army,available,50,0%,10,"Engineering,Medicine,Science",,,
abactinal.army,available,50,0%,9,Science,,,
acellular.army,available,50,1%,9,Science,,,
adactylous.army,available,50,0%,10,Science,,,
acquitted.army,available,50,1%,9,Law,,,
vinegary.army,available,50,1%,8,Food and Beverage,,,
abomasal.army,available,50,0%,8,Agriculture,,,
abranchial.army,available,50,0%,10,Science,,,
cinque.army,available,50,7%,6,Mathematics,,,
abdicable.army,available,50,0%,9,Law,,,
abbatial.army,available,50,0%,8,Religion,,,
adhominem.army,available,50,2%,10,"Humanities,Law,Politics",,,
lxx.army,available,50,5%,3,Mathematics,,,
apriori.army,available,48,13%,8,Mathematics,,,
notguilty.army,available,48,5%,10,Law,,,
lxxxviii.army,available,48,1%,8,Mathematics,,,
quaternary.army,available,46,3%,10,Mathematics,,,
stripling.army,available,46,2%,9,"Education,Entertainment,Healthcare",,,
accurst.army,available,40,1%,7,Religion,,,